tempo, vel, ref

0.000000, 0.000000, 0.000000
0.008000, 0.000000, 0.017452
0.016000, 0.000000, 0.034898
0.024000, 0.000000, 0.052334
0.032000, 0.000000, 0.069754
0.040000, 0.030583, 0.087153
0.048000, 0.021595, 0.104525
0.056000, 0.042999, 0.121866
0.064000, 0.045132, 0.139169
0.072000, 0.062869, 0.156430
0.080000, 0.076794, 0.173643
0.088000, 0.092829, 0.190803
0.096000, 0.112987, 0.207906
0.104000, 0.137195, 0.224945
0.112000, 0.156729, 0.241915
0.120000, 0.178876, 0.258812
0.128000, 0.206703, 0.275629
0.136000, 0.231870, 0.292363
0.144000, 0.264467, 0.309008
0.152000, 0.296897, 0.325559
0.160000, 0.303128, 0.342010
0.168000, 0.330500, 0.358358
0.176000, 0.344498, 0.374596
0.184000, 0.364224, 0.390720
0.192000, 0.379252, 0.406725
0.200000, 0.396701, 0.422607
0.208000, 0.411945, 0.438359
0.216000, 0.424145, 0.453978
0.224000, 0.444998, 0.469459
0.232000, 0.461248, 0.484797
0.240000, 0.472106, 0.499987
0.248000, 0.489795, 0.515024
0.256000, 0.502810, 0.529905
0.264000, 0.521098, 0.544625
0.272000, 0.538666, 0.559178
0.280000, 0.553743, 0.573562
0.288000, 0.564025, 0.587770
0.296000, 0.577543, 0.601800
0.304000, 0.594872, 0.615646
0.312000, 0.608702, 0.629305
0.320000, 0.621477, 0.642772
0.328000, 0.632623, 0.656043
0.336000, 0.648322, 0.669115
0.344000, 0.661337, 0.681982
0.352000, 0.673321, 0.694642
0.360000, 0.686048, 0.707090
0.368000, 0.704097, 0.719323
0.376000, 0.714092, 0.731337
0.384000, 0.722576, 0.743128
0.392000, 0.732715, 0.754693
0.400000, 0.753975, 0.766028
0.408000, 0.762652, 0.777129
0.416000, 0.768380, 0.787994
0.424000, 0.779981, 0.798619
0.432000, 0.795417, 0.809001
0.440000, 0.803710, 0.819136
0.448000, 0.811907, 0.829021
0.456000, 0.826264, 0.838655
0.464000, 0.832328, 0.848032
0.472000, 0.842874, 0.857152
0.480000, 0.854283, 0.866010
0.488000, 0.858358, 0.874604
0.496000, 0.868496, 0.882933
0.504000, 0.880600, 0.890992
0.512000, 0.884124, 0.898780
0.520000, 0.894047, 0.906294
0.528000, 0.904545, 0.913532
0.536000, 0.908260, 0.920491
0.544000, 0.916122, 0.927171
0.552000, 0.930167, 0.933568
0.560000, 0.928537, 0.939680
0.568000, 0.937645, 0.945507
0.576000, 0.942607, 0.951045
0.584000, 0.943398, 0.956294
0.592000, 0.954975, 0.961251
0.600000, 0.961925, 0.965916
0.608000, 0.962716, 0.970286
0.616000, 0.972495, 0.974361
0.624000, 0.974293, 0.978139
0.632000, 0.975108, 0.981619
0.640000, 0.978703, 0.984801
0.648000, 0.978200, 0.987682
0.656000, 0.990112, 0.990262
0.664000, 0.992030, 0.992541
0.672000, 0.992533, 0.994517
0.680000, 0.998549, 0.996191
0.688000, 0.996608, 0.997561
0.696000, 0.997662, 0.998627
0.704000, 1.000874, 0.999389
0.712000, 0.998142, 0.999847
0.720000, 1.007106, 1.000000
0.728000, 1.001905, 0.999848
0.736000, 1.003798, 0.999392
0.744000, 1.007106, 0.998632
0.752000, 1.002240, 0.997567
0.760000, 1.001401, 0.996199
0.768000, 0.997111, 0.994527
0.776000, 0.993300, 0.992552
0.784000, 0.997375, 0.990275
0.792000, 0.994451, 0.987696
0.800000, 0.995745, 0.984817
0.808000, 0.992030, 0.981637
0.816000, 0.986996, 0.978159
0.824000, 0.980525, 0.974382
0.832000, 0.978200, 0.970309
0.840000, 0.972495, 0.965940
0.848000, 0.976402, 0.961277
0.856000, 0.963196, 0.956321
0.864000, 0.965736, 0.951074
0.872000, 0.959217, 0.945537
0.880000, 0.949390, 0.939712
0.888000, 0.946010, 0.933601
0.896000, 0.938077, 0.927205
0.904000, 0.930167, 0.920528
0.912000, 0.928537, 0.913569
0.920000, 0.919597, 0.906333
0.928000, 0.913845, 0.898820
0.936000, 0.912550, 0.891034
0.944000, 0.898025, 0.882976
0.952000, 0.890811, 0.874649
0.960001, 0.879642, 0.866056
0.968001, 0.868017, 0.857199
0.976001, 0.865285, 0.848081
0.984001, 0.857902, 0.838705
0.992001, 0.844792, 0.829073
1.000001, 0.839974, 0.819189
1.008001, 0.831777, 0.809055
1.016001, 0.817971, 0.798675
1.024001, 0.806418, 0.788051
1.032001, 0.797262, 0.777188
1.040001, 0.787315, 0.766087
1.048001, 0.770465, 0.754754
1.056001, 0.767781, 0.743190
1.064001, 0.753040, 0.731400
1.072001, 0.737940, 0.719388
1.080001, 0.730606, 0.707156
1.088001, 0.721066, 0.694709
1.096001, 0.704864, 0.682050
1.104001, 0.690099, 0.669183
1.112001, 0.680775, 0.656113
1.120001, 0.667401, 0.642843
1.128001, 0.653332, 0.629377
1.136001, 0.640101, 0.615719
1.144001, 0.631185, 0.601874
1.152001, 0.612106, 0.587845
1.160001, 0.599091, 0.573638
1.168001, 0.580228, 0.559255
1.176001, 0.572198, 0.544702
1.184001, 0.557338, 0.529984
1.192001, 0.541854, 0.515104
1.200001, 0.523902, 0.500067
1.208001, 0.507627, 0.484878
1.216001, 0.495284, 0.469541
1.224001, 0.482868, 0.454061
1.232001, 0.464077, 0.438442
1.240001, 0.452380, 0.422691
1.248001, 0.432103, 0.406810
1.256001, 0.421101, 0.390806
1.264001, 0.406433, 0.374682
1.272001, 0.389703, 0.358444
1.280001, 0.370696, 0.342098
1.288001, 0.353702, 0.325647
1.296001, 0.333760, 0.309096
1.304001, 0.316862, 0.292452
1.312001, 0.304591, 0.275719
1.320001, 0.290425, 0.258901
1.328001, 0.273264, 0.242005
1.336001, 0.255383, 0.225035
1.344001, 0.237695, 0.207996
1.352001, 0.223409, 0.190894
1.360001, 0.201406, 0.173734
1.368001, 0.186019, 0.156521
1.376001, 0.165166, 0.139261
1.384001, 0.151360, 0.121958
1.392001, 0.135733, 0.104618
1.400001, 0.116870, 0.087245
1.408001, 0.101242, 0.069847
1.416001, 0.081516, 0.052427
1.424001, 0.066800, 0.034991
1.432001, 0.044077, 0.017545
1.440001, 0.021068, 0.000093
1.448002, 0.010785, -0.017359
1.456002, 0.009251, -0.034806
1.464002, -0.042543, -0.052242
1.472002, -0.065745, -0.069662
1.480002, -0.071114, -0.087061
1.488002, -0.080510, -0.104433
1.496002, -0.092110, -0.121774
1.504002, -0.108553, -0.139077
1.512002, -0.124923, -0.156338
1.520002, -0.143379, -0.173552
1.528002, -0.153278, -0.190712
1.536002, -0.171901, -0.207815
1.544002, -0.188919, -0.224854
1.552002, -0.209532, -0.241825
1.560002, -0.225495, -0.258722
1.568002, -0.244430, -0.275540
1.576002, -0.258931, -0.292275
1.584002, -0.276356, -0.308920
1.592002, -0.294787, -0.325471
1.600002, -0.310463, -0.341923
1.608002, -0.333616, -0.358271
1.616002, -0.346368, -0.374510
1.624002, -0.360293, -0.390635
1.632002, -0.376424, -0.406641
1.640002, -0.397588, -0.422523
1.648002, -0.416811, -0.438276
1.656002, -0.429490, -0.453896
1.664002, -0.445525, -0.469377
1.672002, -0.454321, -0.484716
1.680002, -0.470428, -0.499906
1.688002, -0.487086, -0.514945
1.696002, -0.509305, -0.529827
1.704002, -0.522344, -0.544547
1.712002, -0.539026, -0.559102
1.720002, -0.548853, -0.573486
1.728002, -0.561532, -0.587695
1.736002, -0.579437, -0.601726
1.744002, -0.593051, -0.615573
1.752002, -0.607600, -0.629233
1.760002, -0.622580, -0.642701
1.768002, -0.636026, -0.655973
1.776002, -0.650719, -0.669046
1.784002, -0.655537, -0.681914
1.792002, -0.671979, -0.694575
1.800002, -0.692808, -0.707025
1.808002, -0.701053, -0.719259
1.816002, -0.712629, -0.731274
1.824002, -0.717255, -0.743066
1.832002, -0.736143, -0.754632
1.840002, -0.747264, -0.765968
1.848002, -0.757834, -0.777071
1.856002, -0.773773, -0.787937
1.864002, -0.780724, -0.798563
1.872002, -0.791701, -0.808946
1.880002, -0.804525, -0.819083
1.888002, -0.816413, -0.828970
1.896002, -0.822357, -0.838604
1.904002, -0.830506, -0.847983
1.912002, -0.839974, -0.857104
1.920002, -0.851742, -0.865964
1.928002, -0.860707, -0.874560
1.936002, -0.874896, -0.882889
1.944003, -0.877580, -0.890950
1.952003, -0.885418, -0.898739
1.960003, -0.901405, -0.906254
1.968003, -0.899871, -0.913494
1.976003, -0.906319, -0.920455
1.984003, -0.916984, -0.927136
1.992003, -0.923959, -0.933535
2.000003, -0.932228, -0.939649
2.008003, -0.938388, -0.945477
2.016002, -0.941408, -0.951016
2.024002, -0.954519, -0.956267
2.032002, -0.955765, -0.961226
2.040002, -0.956700, -0.965892
2.048002, -0.965736, -0.970264
2.056002, -0.967989, -0.974340
2.064002, -0.972016, -0.978120
2.072002, -0.981508, -0.981602
2.080002, -0.979686, -0.984784
2.088001, -0.990112, -0.987667
2.096001, -0.988818, -0.990249
2.104001, -0.990160, -0.992530
2.112001, -0.993372, -0.994508
2.120001, -0.993372, -0.996183
2.128001, -0.998981, -0.997554
2.136001, -0.998118, -0.998622
2.144001, -0.999508, -0.999386
2.152001, -1.005716, -0.999845
2.160001, -1.000371, -1.000000
2.168000, -0.999292, -0.999850
2.176000, -1.004158, -0.999396
2.184000, -1.005716, -0.998637
2.192000, -1.003415, -0.997574
2.200000, -0.997111, -0.996207
2.208000, -0.998142, -0.994537
2.216000, -1.002768, -0.992564
2.224000, -0.996608, -0.990288
2.232000, -0.993372, -0.987711
2.240000, -0.992533, -0.984833
2.247999, -0.989657, -0.981655
2.255999, -0.989657, -0.978178
2.263999, -0.978440, -0.974403
2.271999, -0.978200, -0.970331
2.279999, -0.981004, -0.965964
2.287999, -0.970722, -0.961302
2.295999, -0.963987, -0.956348
2.303999, -0.961925, -0.951102
2.311999, -0.957491, -0.945567
2.319999, -0.956700, -0.939744
2.327998, -0.944620, -0.933634
2.335998, -0.935177, -0.927240
2.343998, -0.940953, -0.920564
2.351998, -0.924990, -0.913607
2.359998, -0.916553, -0.906372
2.367998, -0.916984, -0.898861
2.375998, -0.903634, -0.891076
2.383998, -0.900350, -0.883020
2.391998, -0.889589, -0.874694
2.399997, -0.877101, -0.866103
2.407997, -0.875375, -0.857247
2.415997, -0.866315, -0.848130
2.423997, -0.853852, -0.838755
2.431997, -0.844792, -0.829125
2.439997, -0.837217, -0.819242
2.447997, -0.826671, -0.809110
2.455997, -0.817515, -0.798731
2.463997, -0.810421, -0.788108
2.471997, -0.792564, -0.777246
2.479996, -0.780987, -0.766147
2.487996, -0.781683, -0.754815
2.495996, -0.762124, -0.743252
2.503996, -0.751410, -0.731464
2.511996, -0.741080, -0.719452
2.519996, -0.727011, -0.707221
2.527996, -0.717351, -0.694775
2.535996, -0.703474, -0.682118
2.543996, -0.693790, -0.669252
2.551996, -0.677468, -0.656183
2.559995, -0.667928, -0.642914
2.567995, -0.654890, -0.629449
2.575995, -0.646501, -0.615792
2.583995, -0.627302, -0.601948
2.591995, -0.612609, -0.587920
2.599995, -0.595040, -0.573713
2.607995, -0.584758, -0.559332
2.615995, -0.568507, -0.544780
2.623995, -0.556475, -0.530062
2.631994, -0.542334, -0.515183
2.639994, -0.530134, -0.500147
2.647994, -0.514147, -0.484959
2.655994, -0.494109, -0.469622
2.663994, -0.479800, -0.454143
2.671994, -0.467528, -0.438526
2.679994, -0.449120, -0.422775
2.687994, -0.437448, -0.406895
2.695994, -0.426039, -0.390891
2.703994, -0.401663, -0.374768
2.711993, -0.388121, -0.358531
2.719993, -0.370504, -0.342185
2.727993, -0.350658, -0.325734
2.735993, -0.336948, -0.309184
2.743993, -0.321896, -0.292541
2.751993, -0.308953, -0.275808
2.759993, -0.289371, -0.258991
2.767993, -0.271993, -0.242095
2.775993, -0.256486, -0.225125
2.783993, -0.239061, -0.208087
2.791992, -0.226142, -0.190985
2.799992, -0.202197, -0.173826
2.807992, -0.189734, -0.156613
2.815992, -0.170511, -0.139353
2.823992, -0.154141, -0.122050
2.831992, -0.138273, -0.104710
2.839992, -0.117541, -0.087338
2.847992, -0.100739, -0.069939
2.855992, -0.081157, -0.052519
2.863991, -0.061670, -0.035084
2.871991, -0.044413, -0.017637
2.879991, -0.026173, -0.000185
2.887991, -0.016178, 0.017267
2.895991, -0.005392, 0.034713
2.903991, 0.044653, 0.052149
2.911991, 0.060256, 0.069570
2.919991, 0.069508, 0.086969
2.927991, 0.082283, 0.104341
2.935991, 0.091271, 0.121682
2.943990, 0.106707, 0.138986
2.951990, 0.124540, 0.156247
2.959990, 0.141725, 0.173461
2.967990, 0.155627, 0.190622
2.975990, 0.175592, 0.207724
2.983990, 0.191675, 0.224764
2.991990, 0.207902, 0.241735
2.999990, 0.227724, 0.258633
3.007990, 0.240451, 0.275451
3.015990, 0.258092, 0.292186
3.023989, 0.275613, 0.308832
3.031989, 0.292726, 0.325384
3.039989, 0.309240, 0.341836
3.047989, 0.327265, 0.358185
3.055989, 0.346368, 0.374424
3.063989, 0.365710, 0.390550
3.071989, 0.381098, 0.406556
3.079989, 0.397588, 0.422439
3.087989, 0.411801, 0.438193
3.095989, 0.425104, 0.453813
3.103988, 0.447419, 0.469295
3.111988, 0.458852, 0.484634
3.119988, 0.474455, 0.499826
3.127988, 0.487997, 0.514866
3.135988, 0.501851, 0.529748
3.143988, 0.520307, 0.544469
3.151988, 0.540752, 0.559025
3.159988, 0.551657, 0.573410
3.167988, 0.561772, 0.587620
3.175987, 0.580060, 0.601652
3.183987, 0.593315, 0.615500
3.191987, 0.609685, 0.629161
3.199987, 0.623179, 0.642630
3.207987, 0.632671, 0.655903
3.215987, 0.648011, 0.668977
3.223987, 0.659204, 0.681847
3.231987, 0.671404, 0.694509
3.239987, 0.683748, 0.706959
3.247987, 0.699663, 0.719195
3.255986, 0.713564, 0.731211
3.263986, 0.721714, 0.743004
3.271986, 0.731493, 0.754571
3.279986, 0.752106, 0.765909
3.287986, 0.763107, 0.777013
3.295986, 0.768140, 0.787880
3.303986, 0.777224, 0.798508
3.311986, 0.795417, 0.808892
3.319986, 0.814088, 0.819030
3.327986, 0.819217, 0.828918
3.335985, 0.828661, 0.838554
3.343985, 0.835204, 0.847934
3.351985, 0.846110, 0.857056
3.359985, 0.856248, 0.865917
3.367985, 0.863247, 0.874515
3.375985, 0.871133, 0.882846
3.383985, 0.882374, 0.890908
3.391985, 0.884052, 0.898698
3.399985, 0.894502, 0.906215
3.407984, 0.904065, 0.913456
3.415984, 0.911496, 0.920419
3.423984, 0.919597, 0.927101
3.431984, 0.928729, 0.933501
3.439984, 0.930599, 0.939617
3.447984, 0.937190, 0.945446
3.455984, 0.943398, 0.950988
3.463984, 0.943853, 0.956240
3.471984, 0.957491, 0.961200
3.479984, 0.959816, 0.965868
3.487983, 0.963987, 0.970241
3.495983, 0.970722, 0.974319
3.503983, 0.974605, 0.978101
3.511983, 0.973310, 0.981584
3.519983, 0.983329, 0.984768
3.527983, 0.979159, 0.987653
3.535983, 0.991526, 0.990236
3.543983, 0.989657, 0.992518
3.551983, 0.993372, 0.994498
3.559983, 0.997614, 0.996175
3.567982, 0.997614, 0.997548
3.575982, 0.997111, 0.998617
3.583982, 1.002768, 0.999383
3.591982, 0.998981, 0.999844
3.599982, 1.004661, 1.000000
3.607982, 1.002240, 0.999852
3.615982, 1.003295, 0.999399
3.623982, 1.005716, 0.998642
3.631982, 1.003295, 0.997580
3.639982, 1.001401, 0.996215
3.647981, 0.998477, 0.994546
3.655981, 0.994379, 0.992575
3.663981, 0.998477, 0.990301
3.671981, 0.991526, 0.987725
3.679981, 0.996943, 0.984849
3.687981, 0.992869, 0.981672
3.695981, 0.985486, 0.978197
3.703981, 0.982322, 0.974424
3.711981, 0.977888, 0.970353
3.719980, 0.975587, 0.965988
3.727980, 0.973310, 0.961328
3.735980, 0.963987, 0.956375
3.743980, 0.967174, 0.951131
3.751980, 0.960176, 0.945597
3.759980, 0.951859, 0.939775
3.767980, 0.944308, 0.933667
3.775980, 0.936734, 0.927275
3.783980, 0.931485, 0.920600
3.791980, 0.929424, 0.913645
3.799979, 0.920172, 0.906411
3.807979, 0.916122, 0.898901
3.815979, 0.909842, 0.891118
3.823979, 0.898361, 0.883063
3.831979, 0.894047, 0.874739
3.839979, 0.879809, 0.866149
3.847979, 0.870582, 0.857295
3.855979, 0.865668, 0.848180
3.863979, 0.856272, 0.838806
3.871979, 0.845343, 0.829177
3.879978, 0.839974, 0.819295
3.887978, 0.832496, 0.809164
3.895978, 0.818187, 0.798786
3.903978, 0.808527, 0.788165
3.911978, 0.797909, 0.777304
3.919978, 0.785901, 0.766207
3.927978, 0.772790, 0.754875
3.935978, 0.766822, 0.743314
3.943978, 0.752681, 0.731527
3.951977, 0.738755, 0.719516
3.959977, 0.733362, 0.707287
3.967977, 0.722145, 0.694842
3.975977, 0.706278, 0.682185
3.983977, 0.689260, 0.669321
3.991977, 0.677827, 0.656253
3.999977, 0.665412, 0.642985
4.007977, 0.652804, 0.629521
4.015977, 0.638639, 0.615865
4.023977, 0.631472, 0.602022
4.031977, 0.614215, 0.587995
4.039977, 0.597054, 0.573789
4.047976, 0.583272, 0.559409
4.055976, 0.571527, 0.544858
4.063976, 0.559591, 0.530141
4.071976, 0.541519, 0.515263
4.079976, 0.522632, 0.500227
4.087976, 0.509089, 0.485040
4.095976, 0.498759, 0.469704
4.103976, 0.482221, 0.454226
4.111976, 0.463046, 0.438609
4.119976, 0.452596, 0.422859
4.127975, 0.430808, 0.406979
4.135975, 0.418057, 0.390976
4.143975, 0.407679, 0.374854
4.151975, 0.391141, 0.358617
4.159975, 0.371487, 0.342272
4.167975, 0.355739, 0.325822
4.175975, 0.335845, 0.309273
4.183975, 0.318301, 0.292629
4.191975, 0.308426, 0.275897
4.199975, 0.291384, 0.259080
4.207974, 0.271466, 0.242185
4.215974, 0.257421, 0.225215
4.223974, 0.236424, 0.208178
4.231974, 0.222858, 0.191076
4.239974, 0.204786, 0.173917
4.247974, 0.186714, 0.156704
4.255974, 0.166484, 0.139444
4.263974, 0.153398, 0.122142
4.271974, 0.134582, 0.104802
4.279974, 0.117804, 0.087430
4.287973, 0.101674, 0.070032
4.295973, 0.082906, 0.052612
4.303973, 0.064259, 0.035176
4.311973, 0.043718, 0.017730
4.319973, 0.022817, 0.000278
4.327973, 0.011624, -0.017174
4.335973, 0.007190, -0.034621
4.343973, -0.051723, -0.052057
4.351973, -0.062174, -0.069477
4.359972, -0.068765, -0.086876
4.367972, -0.079023, -0.104249
4.375972, -0.089977, -0.121590
4.383972, -0.107882, -0.138894
4.391972, -0.124492, -0.156155
4.399972, -0.140862, -0.173369
4.407972, -0.152679, -0.190531
4.415972, -0.172333, -0.207634
4.423972, -0.189015, -0.224674
4.431972, -0.209148, -0.241645
4.439971, -0.225710, -0.258543
4.447971, -0.242752, -0.275362
4.455971, -0.256965, -0.292098
4.463971, -0.277770, -0.308744
4.471971, -0.295027, -0.325296
4.479971, -0.310870, -0.341749
4.487971, -0.332370, -0.358098
4.495971, -0.345696, -0.374338
4.503971, -0.364008, -0.390464
4.511971, -0.377239, -0.406471
4.519970, -0.394472, -0.422355
4.527970, -0.415493, -0.438109
4.535970, -0.428939, -0.453730
4.543970, -0.443488, -0.469213
4.551970, -0.452979, -0.484553
4.559970, -0.466521, -0.499746
4.567970, -0.492072, -0.514786
4.575970, -0.507124, -0.529670
4.583970, -0.523279, -0.544392
4.591969, -0.537156, -0.558948
4.599969, -0.548685, -0.573334
4.607969, -0.561772, -0.587545
4.615969, -0.578526, -0.601578
4.623969, -0.592859, -0.615427
4.631969, -0.602710, -0.629089
4.639969, -0.620687, -0.642559
4.647969, -0.634876, -0.655833
4.655969, -0.647363, -0.668908
4.663969, -0.653116, -0.681779
4.671968, -0.672674, -0.694442
4.679968, -0.691441, -0.706894
4.687968, -0.700501, -0.719130
4.695968, -0.710113, -0.731148
4.703968, -0.719892, -0.742942
4.711968, -0.733698, -0.754511
4.719968, -0.746113, -0.765849
4.727968, -0.757618, -0.776954
4.735968, -0.772407, -0.787823
4.743968, -0.782737, -0.798452
4.751967, -0.788322, -0.808837
4.759967, -0.803710, -0.818976
4.767967, -0.814903, -0.828866
4.775967, -0.823172, -0.838503
4.783967, -0.826264, -0.847885
4.791967, -0.844624, -0.857008
4.799967, -0.851023, -0.865871
4.807967, -0.859268, -0.874470
4.815967, -0.873841, -0.882802
4.823967, -0.872379, -0.890866
4.831966, -0.885538, -0.898658
4.839966, -0.898361, -0.906176
4.847966, -0.902532, -0.913419
4.855966, -0.905599, -0.920383
4.863966, -0.916553, -0.927067
4.871966, -0.924558, -0.933468
4.879966, -0.931797, -0.939585
4.887966, -0.938077, -0.945416
4.895966, -0.940042, -0.950959
4.903965, -0.955765, -0.956212
4.911965, -0.955765, -0.961175
4.919965, -0.956844, -0.965844
4.927965, -0.966695, -0.970219
4.935965, -0.966216, -0.974299
4.943965, -0.972831, -0.978081
4.951965, -0.979207, -0.981566
4.959965, -0.977169, -0.984752
4.967965, -0.990975, -0.987638
4.975965, -0.986253, -0.990223
4.983964, -0.988099, -0.992507
4.991964, -0.994451, -0.994488
4.999964, -0.995337, -0.996167
5.007964, -1.000011, -0.997542
5.015964, -0.997111, -0.998613
5.023964, -0.997614, -0.999380
5.031964, -1.007873, -0.999842
5.039964, -1.000898, -1.000000
5.047964, -0.997375, -0.999853
5.055964, -1.003846, -0.999402
5.063963, -1.003846, -0.998647
5.071963, -1.004158, -0.997587
5.079963, -0.996943, -0.996223
5.087963, -0.996248, -0.994556
5.095963, -1.005788, -0.992586
5.103963, -0.995769, -0.990314
5.111963, -0.991718, -0.987740
5.119963, -0.990975, -0.984865
5.127963, -0.991263, -0.981690
5.135962, -0.989393, -0.978216
5.143962, -0.976906, -0.974444
5.151962, -0.977601, -0.970376
5.159962, -0.982322, -0.966012
5.167962, -0.970770, -0.961353
5.175962, -0.965401, -0.956402
5.183962, -0.961302, -0.951160
5.191962, -0.959217, -0.945627
5.199962, -0.953896, -0.939807
5.207962, -0.942175, -0.933700
5.215961, -0.939755, -0.927310
5.223961, -0.938388, -0.920636
5.231961, -0.928537, -0.913682
5.239961, -0.916385, -0.906450
5.247961, -0.915019, -0.898942
5.255961, -0.906366, -0.891160
5.263961, -0.899464, -0.883107
5.271961, -0.888486, -0.874784
5.279961, -0.881511, -0.866195
5.287961, -0.876094, -0.857342
5.295960, -0.865285, -0.848229
5.303960, -0.856704, -0.838856
5.311960, -0.843281, -0.829229
5.319960, -0.837337, -0.819348
5.327960, -0.830506, -0.809218
5.335960, -0.817276, -0.798842
5.343960, -0.808216, -0.788222
5.351960, -0.795824, -0.777363
5.359960, -0.784103, -0.766266
5.367959, -0.780364, -0.754936
5.375959, -0.763802, -0.743376
5.383959, -0.751746, -0.731590
5.391959, -0.740145, -0.719581
5.399959, -0.727658, -0.707352
5.407959, -0.716728, -0.694909
5.415959, -0.704097, -0.682253
5.423959, -0.692808, -0.669390
5.431959, -0.676413, -0.656323
5.439959, -0.666946, -0.643056
5.447958, -0.655776, -0.629593
5.455958, -0.645638, -0.615938
5.463958, -0.627302, -0.602096
5.471958, -0.615294, -0.588070
5.479958, -0.594321, -0.573865
5.487958, -0.583272, -0.559486
5.495958, -0.566446, -0.544936
5.503958, -0.557506, -0.530220
5.511958, -0.541135, -0.515342
5.519958, -0.529918, -0.500308
5.527957, -0.513739, -0.485121
5.535957, -0.494109, -0.469786
5.543957, -0.478074, -0.454308
5.551957, -0.465299, -0.438692
5.559957, -0.451038, -0.422942
5.567957, -0.438526, -0.407064
5.575957, -0.424337, -0.391061
5.583957, -0.403652, -0.374940
5.591957, -0.386706, -0.358704
5.599957, -0.370384, -0.342359
5.607956, -0.348573, -0.325909
5.615956, -0.337763, -0.309361
5.623956, -0.320889, -0.292718
5.631956, -0.311565, -0.275986
5.639956, -0.288292, -0.259170
5.647956, -0.271778, -0.242274
5.655956, -0.257804, -0.225306
5.663956, -0.239636, -0.208268
5.671956, -0.225567, -0.191167
5.679955, -0.201502, -0.174008
5.687955, -0.188799, -0.156796
5.695955, -0.170990, -0.139536
5.703955, -0.153997, -0.122234
5.711955, -0.136044, -0.104894
5.719955, -0.118595, -0.087522
5.727955, -0.101050, -0.070124
5.735955, -0.081109, -0.052705
5.743955, -0.065985, -0.035269
5.751955, -0.041249, -0.017822
5.759954, -0.021475, -0.000371
5.767954, -0.012942, 0.017081
5.775954, -0.004961, 0.034528
5.783954, 0.040746, 0.051964
5.791954, 0.062797, 0.069385
5.799954, 0.070155, 0.086784
5.807954, 0.082667, 0.104157
5.815954, 0.093860, 0.121498
5.823954, 0.106947, 0.138802
5.831954, 0.123317, 0.156064
5.839953, 0.141198, 0.173278
5.847953, 0.155507, 0.190440
5.855953, 0.175760, 0.207543
5.863953, 0.191364, 0.224583
5.871953, 0.209148, 0.241555
5.879953, 0.227724, 0.258454
5.887953, 0.242081, 0.275273
5.895953, 0.257229, 0.292009
5.903953, 0.277219, 0.308656
5.911952, 0.292582, 0.325208
5.919952, 0.308426, 0.341662
5.927952, 0.329398, 0.358012
5.935952, 0.346703, 0.374252
5.943952, 0.362714, 0.390379
5.951952, 0.382129, 0.406387
5.959952, 0.395814, 0.422271
5.967952, 0.411945, 0.438026
5.975952, 0.422971, 0.453648
5.983952, 0.446484, 0.469132
5.991951, 0.458636, 0.484472
5.999951, 0.473328, 0.499666
6.007951, 0.488189, 0.514707
6.015951, 0.502977, 0.529591
6.023951, 0.520762, 0.544314
6.031951, 0.541519, 0.558871
6.039951, 0.552856, 0.573258
6.047951, 0.563761, 0.587470
6.055951, 0.580228, 0.601504
6.063951, 0.595040, 0.615354
6.071950, 0.608654, 0.629017
6.079950, 0.621190, 0.642488
6.087950, 0.632623, 0.655763
6.095950, 0.646812, 0.668839
6.103950, 0.659443, 0.681711
6.111950, 0.671404, 0.694375
6.119950, 0.683436, 0.706828
6.127950, 0.702227, 0.719066
6.135950, 0.712941, 0.731084
6.143950, 0.722888, 0.742880
6.151949, 0.736718, 0.754450
6.159949, 0.753040, 0.765790
6.167949, 0.761525, 0.776896
6.175949, 0.769123, 0.787766
6.183949, 0.782737, 0.798396
6.191949, 0.794889, 0.808783
6.199949, 0.801193, 0.818923
6.207949, 0.812266, 0.828814
6.215949, 0.824730, 0.838453
6.223948, 0.830075, 0.847836
6.231948, 0.841580, 0.856961
6.239948, 0.853852, 0.865825
6.247948, 0.861258, 0.874425
6.255948, 0.867106, 0.882759
6.263948, 0.880457, 0.890823
6.271948, 0.885130, 0.898617
6.279948, 0.890811, 0.906137
6.287948, 0.903634, 0.913381
6.295948, 0.907157, 0.920346
6.303947, 0.917728, 0.927032
6.311947, 0.927339, 0.933435
6.319947, 0.931797, 0.939553
6.327947, 0.935081, 0.945386
6.335947, 0.943086, 0.950930
6.343947, 0.942271, 0.956185
6.351947, 0.955286, 0.961149
6.359947, 0.958426, 0.965820
6.367947, 0.962788, 0.970197
6.375947, 0.971033, 0.974278
6.383946, 0.971033, 0.978062
6.391946, 0.974940, 0.981549
6.399946, 0.980693, 0.984736
6.407946, 0.978727, 0.987624
6.415946, 0.990160, 0.990211
6.423946, 0.991263, 0.992496
6.431946, 0.989153, 0.994479
6.439946, 0.997614, 0.996158
6.447946, 0.997662, 0.997535
6.455945, 0.998118, 0.998608
6.463945, 1.002216, 0.999376
6.471945, 0.998549, 0.999840
6.479945, 1.004589, 1.000000
6.487945, 1.001785, 0.999855
6.495945, 1.002959, 0.999405
6.503945, 1.007417, 0.998651
6.511945, 1.000155, 0.997593
6.519945, 1.001401, 0.996231
6.527945, 0.998981, 0.994566
6.535944, 0.994906, 0.992597
6.543944, 0.997662, 0.990327
6.551944, 0.992150, 0.987754
6.559944, 0.996248, 0.984881
6.567944, 0.993300, 0.981708
6.575944, 0.984671, 0.978235
6.583944, 0.982322, 0.974465
6.591944, 0.976402, 0.970398
6.599944, 0.969931, 0.966036
6.607944, 0.975348, 0.961379
6.615943, 0.965425, 0.956429
6.623943, 0.965736, 0.951188
6.631943, 0.958761, 0.945657
6.639943, 0.951355, 0.939839
6.647943, 0.946777, 0.933734
6.655943, 0.939755, 0.927344
6.663943, 0.926620, 0.920672
6.671943, 0.927794, 0.913720
6.679943, 0.919309, 0.906489
6.687943, 0.916553, 0.898983
6.695942, 0.925278, 0.891202
6.703942, 0.891890, 0.883150
6.711942, 0.891075, 0.874829
6.719942, 0.894910, 0.866242
6.727942, 0.861258, 0.857390
6.735942, 0.863894, 0.848278
6.743942, 0.870582, 0.838907
6.751942, 0.833383, 0.829280
6.759942, 0.852150, 0.819401
6.767941, 0.835636, 0.809273
6.775941, 0.808000, 0.798898
6.783941, 0.810469, 0.788279
6.791941, 0.806993, 0.777421
6.799941, 0.789736, 0.766326
6.807941, 0.775499, 0.754997
6.815941, 0.770417, 0.743438
6.823941, 0.755245, 0.731653
6.831941, 0.740073, 0.719645
6.839941, 0.721929, 0.707418
6.847940, 0.729743, 0.694975
6.855940, 0.706086, 0.682321
6.863940, 0.692520, 0.669459
6.871940, 0.680775, 0.656393
6.879940, 0.667952, 0.643127
6.887940, 0.654123, 0.629665
6.895940, 0.640628, 0.616011
6.903940, 0.631185, 0.602170
6.911940, 0.612106, 0.588145
6.919940, 0.598060, 0.573941
6.927939, 0.583535, 0.559562
6.935939, 0.571767, 0.545013
6.943939, 0.560646, 0.530298
6.951939, 0.541567, 0.515421
6.959939, 0.523494, 0.500388
6.967939, 0.510048, 0.485202
6.975939, 0.499957, 0.469868
6.983939, 0.481358, 0.454391
6.991939, 0.463262, 0.438775
6.999938, 0.452764, 0.423026
7.007938, 0.431240, 0.407149
7.015938, 0.419639, 0.391147
7.023938, 0.407823, 0.375026
7.031938, 0.390134, 0.358790
7.039938, 0.372589, 0.342446
7.047938, 0.354517, 0.325997
7.055938, 0.335342, 0.309449
7.063938, 0.319858, 0.292806
7.071938, 0.306963, 0.276075
7.079937, 0.290545, 0.259259
7.087937, 0.271682, 0.242364
7.095937, 0.257421, 0.225396
7.103937, 0.236904, 0.208359
7.111937, 0.223697, 0.191258
7.119937, 0.202653, 0.174099
7.127937, 0.186905, 0.156887
7.135937, 0.165094, 0.139628
7.143937, 0.155147, 0.122326
7.151937, 0.136668, 0.104986
7.159936, 0.116294, 0.087615
7.167936, 0.102249, 0.070217
7.175936, 0.084057, 0.052797
7.183936, 0.065218, 0.035361
7.191936, 0.046331, 0.017915
7.199936, 0.023560, 0.000463
7.207936, 0.012559, -0.016989
7.215936, 0.006807, -0.034435
7.223936, -0.047505, -0.051872
7.231936, -0.065385, -0.069292
7.239935, -0.067758, -0.086692
7.247935, -0.079719, -0.104065
7.255935, -0.090289, -0.121406
7.263935, -0.107043, -0.138710
7.271935, -0.123964, -0.155972
7.279935, -0.140694, -0.173187
7.287935, -0.152535, -0.190349
7.295935, -0.172069, -0.207452
7.303935, -0.187409, -0.224493
7.311934, -0.210275, -0.241465
7.319934, -0.224560, -0.258364
7.327934, -0.240763, -0.275184
7.335934, -0.256486, -0.291920
7.343934, -0.275181, -0.308568
7.351934, -0.295171, -0.325121
7.359934, -0.309768, -0.341575
7.367934, -0.332058, -0.357925
7.375934, -0.346176, -0.374167
7.383934, -0.362139, -0.390294
7.391933, -0.375609, -0.406302
7.399933, -0.395599, -0.422187
7.407933, -0.415181, -0.437943
7.415933, -0.427764, -0.453565
7.423933, -0.444782, -0.469050
7.431933, -0.451301, -0.484391
7.439933, -0.473376, -0.499585
7.447933, -0.489339, -0.514627
7.455933, -0.507124, -0.529512
7.463933, -0.523902, -0.544236
7.471932, -0.536581, -0.558794
7.479932, -0.549980, -0.573182
7.487932, -0.558872, -0.587395
7.495932, -0.579437, -0.601430
7.503932, -0.591613, -0.615281
7.511932, -0.604268, -0.628945
7.519932, -0.618409, -0.642417
7.527932, -0.635499, -0.655693
7.535932, -0.645254, -0.668770
7.543931, -0.655225, -0.681643
7.551931, -0.672674, -0.694309
7.559931, -0.691417, -0.706763
7.567931, -0.699687, -0.719001
7.575931, -0.711791, -0.731021
7.583931, -0.715242, -0.742818
7.591931, -0.733937, -0.754389
7.599931, -0.746257, -0.765730
7.607931, -0.758289, -0.776838
7.615931, -0.772047, -0.787709
7.623930, -0.783456, -0.798340
7.631930, -0.790143, -0.808728
7.639930, -0.801888, -0.818870
7.647930, -0.818187, -0.828762
7.655930, -0.822477, -0.838402
7.663930, -0.828781, -0.847787
7.671930, -0.840238, -0.856913
7.679930, -0.850784, -0.865778
7.687930, -0.858669, -0.874380
7.695930, -0.873434, -0.882715
7.703929, -0.876142, -0.890781
7.711929, -0.885250, -0.898576
7.719929, -0.897522, -0.906098
7.727929, -0.900135, -0.913343
7.735929, -0.906031, -0.920310
7.743929, -0.918111, -0.926997
7.751929, -0.925349, -0.933402
7.759929, -0.929424, -0.939522
7.767929, -0.938628, -0.945356
7.775928, -0.942655, -0.950902
7.783928, -0.953488, -0.956158
7.791928, -0.956029, -0.961123
7.799928, -0.958761, -0.965796
7.807928, -0.962381, -0.970174
7.815928, -0.969523, -0.974257
7.823928, -0.972567, -0.978043
7.831928, -0.981004, -0.981531
7.839928, -0.975635, -0.984720
7.847928, -0.989393, -0.987609
7.855927, -0.986972, -0.990198
7.863927, -0.985822, -0.992484
7.871927, -0.994163, -0.994469
7.879927, -0.994163, -0.996150
7.887927, -0.998118, -0.997528
7.895927, -0.998477, -0.998603
7.903927, -0.998981, -0.999373
7.911927, -1.007130, -0.999839
7.919927, -1.001330, -1.000000
7.927927, -0.997662, -0.999856
7.935926, -1.004589, -0.999409
7.943926, -1.005045, -0.998656
7.951926, -1.003415, -0.997600
7.959926, -0.998214, -0.996239
7.967926, -0.996152, -0.994575
7.975926, -1.007417, -0.992609
7.983926, -0.997614, -0.990339
7.991926, -0.992869, -0.987769
7.999926, -0.992150, -0.984897
8.007926, -0.989393, -0.981725
8.015926, -0.989393, -0.978255
8.023927, -0.977888, -0.974486
8.031927, -0.977385, -0.970421
8.039927, -0.982826, -0.966060
8.047928, -0.970242, -0.961404
8.055928, -0.963675, -0.956456
8.063929, -0.960967, -0.951217
8.071929, -0.959696, -0.945688
8.079929, -0.954519, -0.939870
8.087930, -0.942175, -0.933767
8.095930, -0.938388, -0.927379
8.103930, -0.940498, -0.920708
8.111931, -0.927794, -0.913758
8.119931, -0.916553, -0.906528
8.127932, -0.914971, -0.899023
8.135932, -0.904473, -0.891244
8.143932, -0.899464, -0.883193
8.151933, -0.890787, -0.874874
8.159933, -0.878995, -0.866288
8.167933, -0.872859, -0.857438
8.175934, -0.866795, -0.848327
8.183934, -0.855050, -0.838957
8.191935, -0.843281, -0.829332
8.199935, -0.839279, -0.819455
8.207935, -0.827798, -0.809327
8.215936, -0.816677, -0.798954
8.223936, -0.810421, -0.788336
8.231936, -0.794386, -0.777479
8.239937, -0.782378, -0.766385
8.247937, -0.780364, -0.755058
8.255938, -0.764401, -0.743500
8.263938, -0.751410, -0.731716
8.271938, -0.742326, -0.719709
8.279939, -0.727011, -0.707483
8.287939, -0.715889, -0.695042
8.295939, -0.705247, -0.682389
8.303940, -0.694198, -0.669528
8.311940, -0.677827, -0.656463
8.319941, -0.665412, -0.643198
8.327941, -0.653332, -0.629737
8.335941, -0.642977, -0.616084
8.343942, -0.626990, -0.602244
8.351942, -0.609230, -0.588220
8.359942, -0.594585, -0.574017
8.367943, -0.585189, -0.559639
8.375943, -0.567980, -0.545091
8.383944, -0.557506, -0.530377
8.391944, -0.541854, -0.515501
8.399944, -0.530182, -0.500468
8.407945, -0.512253, -0.485283
8.415945, -0.494109, -0.469950
8.423945, -0.480231, -0.454473
8.431946, -0.464077, -0.438859
8.439946, -0.452188, -0.423110
8.447947, -0.438358, -0.407233
8.455947, -0.423139, -0.391232
8.463947, -0.404419, -0.375111
8.471948, -0.387282, -0.358877
8.479948, -0.367795, -0.342533
8.487948, -0.349268, -0.326084
8.495949, -0.338722, -0.309537
8.503949, -0.322351, -0.292895
8.511950, -0.310463, -0.276164
8.519950, -0.286422, -0.259349
8.527950, -0.270004, -0.242454
8.535951, -0.258739, -0.225486
8.543951, -0.238342, -0.208449
8.551951, -0.223985, -0.191349
8.559952, -0.203971, -0.174191
8.567952, -0.190189, -0.156979
8.575953, -0.171398, -0.139720
8.583953, -0.155291, -0.122418
8.591953, -0.136404, -0.105078
8.599954, -0.118883, -0.087707
8.607954, -0.102441, -0.070309
8.615954, -0.081612, -0.052890
8.623955, -0.062054, -0.035454
8.631955, -0.044557, -0.018008
8.639956, -0.025909, -0.000556
8.647956, -0.016178, 0.016896
8.655956, -0.005608, 0.034343
8.663957, 0.046762, 0.051779
8.671957, 0.060472, 0.069200
8.679957, 0.070347, 0.086599
8.687958, 0.082810, 0.103973
8.695958, 0.090672, 0.121314
8.703959, 0.107522, 0.138618
8.711959, 0.122502, 0.155881
8.719959, 0.142804, 0.173096
8.727960, 0.151959, 0.190258
8.735960, 0.175329, 0.207362
8.743960, 0.192610, 0.224403
8.751961, 0.209268, 0.241375
8.759961, 0.226717, 0.258275
8.767962, 0.241841, 0.275095
8.775962, 0.257708, 0.291832
8.783962, 0.276476, 0.308479
8.791963, 0.291384, 0.325033
8.799963, 0.306436, 0.341488
8.807963, 0.330021, 0.357839
8.815964, 0.346032, 0.374081
8.823964, 0.365518, 0.390208
8.831964, 0.381697, 0.406217
8.839965, 0.396486, 0.422103
8.847965, 0.412760, 0.437859
8.855966, 0.424313, 0.453483
8.863966, 0.445909, 0.468968
8.871966, 0.456670, 0.484310
8.879967, 0.474455, 0.499505
8.887967, 0.488453, 0.514548
8.895967, 0.503984, 0.529434
8.903968, 0.519276, 0.544158
8.911968, 0.540081, 0.558717
8.919969, 0.551442, 0.573106
8.927969, 0.564361, 0.587320
8.935969, 0.579005, 0.601356
8.943970, 0.595592, 0.615208
8.951970, 0.609397, 0.628873
8.959970, 0.623683, 0.642346
8.967971, 0.635499, 0.655623
8.975971, 0.646812, 0.668701
8.983972, 0.659443, 0.681575
8.991972, 0.671404, 0.694242
8.999972, 0.682357, 0.706697
9.007973, 0.698896, 0.718937
9.015973, 0.714068, 0.730958
9.023973, 0.722816, 0.742756
9.031974, 0.730078, 0.754328
9.039974, 0.751410, 0.765670
9.047975, 0.761765, 0.776779
9.055975, 0.768764, 0.787652
9.063975, 0.782737, 0.798284
9.071976, 0.794002, 0.808674
9.079976, 0.800402, 0.818817
9.087976, 0.812985, 0.828710
9.095977, 0.825569, 0.838352
9.103977, 0.830914, 0.847738
9.111978, 0.839255, 0.856865
9.119978, 0.854882, 0.865732
9.127978, 0.860059, 0.874335
9.135979, 0.869551, 0.882671
9.143979, 0.880049, 0.890739
9.151979, 0.885130, 0.898536
9.159980, 0.892297, 0.906059
9.167980, 0.903227, 0.913305
9.175981, 0.909123, 0.920274
9.183981, 0.914755, 0.926962
9.191981, 0.928537, 0.933368
9.199982, 0.930167, 0.939490
9.207982, 0.937190, 0.945325
9.215982, 0.944308, 0.950873
9.223983, 0.942175, 0.956131
9.231983, 0.956245, 0.961098
9.239984, 0.959217, 0.965772
9.247984, 0.962237, 0.970152
9.255984, 0.971537, 0.974236
9.263985, 0.973310, 0.978023
9.271985, 0.976091, 0.981513
9.279985, 0.979207, 0.984704
9.287986, 0.979207, 0.987595
9.295986, 0.988818, 0.990185
9.303987, 0.992869, 0.992473
9.311987, 0.989657, 0.994459
9.319987, 0.997111, 0.996142
9.327988, 0.998981, 0.997522
9.335988, 0.996608, 0.998598
9.343988, 1.002240, 0.999370
9.351989, 0.998118, 0.999837
9.359989, 1.004661, 1.000000
9.367990, 1.001905, 0.999858
9.375990, 1.003295, 0.999412
9.383990, 1.005716, 0.998661
9.391991, 1.001905, 0.997606
9.399991, 1.000011, 0.996247
9.407991, 0.997614, 0.994585
9.415992, 0.994379, 0.992620
9.423992, 0.998477, 0.990352
9.431993, 0.992533, 0.987783
9.439993, 0.993731, 0.984913
9.447993, 0.993372, 0.981743
9.455994, 0.987308, 0.978274
9.463994, 0.980022, 0.974507
9.471994, 0.976906, 0.970443
9.479995, 0.971033, 0.966084
9.487995, 0.975108, 0.961430
9.495996, 0.963987, 0.956483
9.503996, 0.963196, 0.951245
9.511996, 0.960176, 0.945718
9.519997, 0.949390, 0.939902
9.527997, 0.943853, 0.933800
9.535997, 0.940593, 0.927414
9.543998, 0.928537, 0.920745
9.551998, 0.928729, 0.913795
9.559999, 0.918878, 0.906568
9.567999, 0.913365, 0.899064
9.575999, 0.910968, 0.891286
9.584000, 0.899871, 0.883237
9.592000, 0.892249, 0.874919
9.600000, 0.882374, 0.866334
9.608001, 0.872020, 0.857486
9.616001, 0.865668, 0.848376
9.624002, 0.857663, 0.839008
9.632002, 0.844001, 0.829384
9.640002, 0.838368, 0.819508
9.648003, 0.831777, 0.809382
9.656003, 0.820128, 0.799009
9.664003, 0.807041, 0.788393
9.672004, 0.797526, 0.777537
9.680004, 0.786165, 0.766445
9.688004, 0.773533, 0.755118
9.696005, 0.768764, 0.743562
9.704005, 0.753735, 0.731779
9.712006, 0.738611, 0.719774
9.720006, 0.731517, 0.707549
9.728006, 0.720227, 0.695108
9.736007, 0.706398, 0.682456
9.744007, 0.691417, 0.669596
9.752007, 0.680440, 0.656532
9.760008, 0.666682, 0.643269
9.768008, 0.654554, 0.629809
9.776009, 0.638471, 0.616157
9.784009, 0.632095, 0.602318
9.792009, 0.612873, 0.588295
9.800010, 0.600385, 0.574093
9.808010, 0.581977, 0.559716
9.816010, 0.574308, 0.545169
9.824011, 0.558416, 0.530455
9.832011, 0.541567, 0.515580
9.840012, 0.526179, 0.500548
9.848012, 0.510288, 0.485364
9.856012, 0.497609, 0.470031
9.864013, 0.481909, 0.454556
9.872013, 0.465491, 0.438942
9.880013, 0.452380, 0.423194
9.888014, 0.434763, 0.407318
9.896014, 0.423570, 0.391317
9.904015, 0.406121, 0.375197
9.912015, 0.390278, 0.358963
9.920015, 0.372277, 0.342620
9.928016, 0.355068, 0.326172
9.936016, 0.342005, 0.309625
9.944016, 0.321776, 0.292984
9.952017, 0.302865, 0.276253
9.960017, 0.296274, 0.259438
9.968018, 0.275613, 0.242544
9.976018, 0.258547, 0.225576
9.984018, 0.239301, 0.208540
9.992019, 0.224776, 0.191440
10.000019, 0.204259, 0.174282
10.008019, 0.188176, 0.157070
10.016020, 0.166245, 0.139811
10.024020, 0.152679, 0.122509
10.032021, 0.138441, 0.105170
10.040021, 0.116390, 0.087799
10.048021, 0.103519, 0.070401
10.056022, 0.081348, 0.052982
10.064022, 0.066536, 0.035547
10.072022, 0.046402, 0.018100
10.080023, 0.021595, 0.000649
10.088023, 0.045204, -0.016803
10.096024, 0.025454, -0.034250
10.104024, 0.028929, -0.051687
10.112024, 0.027491, -0.069107
10.120025, 0.018359, -0.086507
10.128025, 0.020421, -0.103880
10.136025, 0.016514, -0.121222
10.144026, 0.010522, -0.138527
10.152026, 0.008772, -0.155789
10.160027, 0.009251, -0.173004
10.168027, 0.004314, -0.190167
10.176027, 0.002804, -0.207271
10.184028, -0.039691, -0.224313
10.192028, -0.016178, -0.241286
10.200028, -0.005392, -0.258185
10.208029, -0.003235, -0.275006
10.216029, -0.002300, -0.291743
10.224030, -0.001797, -0.308391
10.232030, -0.001462, -0.324946
10.240030, -0.001222, -0.341401
10.248031, -0.001078, -0.357752
10.256031, -0.000934, -0.373995
10.264031, -0.000838, -0.390123
10.272032, -0.000599, -0.406133
10.280032, -0.000599, -0.422019
10.288033, -0.000599, -0.437776
10.296033, -0.000599, -0.453400
10.304033, -0.000599, -0.468886
10.312034, -0.000599, -0.484229
10.320034, -0.000599, -0.499425
10.328034, -0.000599, -0.514468
10.336035, 0.001006, -0.529355
10.344035, 0.001006, -0.544081
10.352036, 0.001006, -0.558641
10.360036, 0.002708, -0.573030
10.368036, 0.002708, -0.587245
10.376037, 0.004673, -0.601282
10.384037, 0.004458, -0.615135
10.392037, 0.003067, -0.628801
10.400038, 0.003067, -0.642275
10.408038, 0.002804, -0.655553
10.416039, 0.002085, -0.668632
10.424039, 0.001653, -0.681508
10.432039, 0.001366, -0.694175
10.440040, 0.001174, -0.706632
10.448040, 0.001006, -0.718873
10.456040, 0.000910, -0.730895
10.464041, 0.000814, -0.742694
10.472041, 0.000743, -0.754267
10.480042, 0.000671, -0.765611
10.488042, 0.000623, -0.776721
10.496042, 0.000575, -0.787595
10.504043, 0.000527, -0.798229
10.512043, 0.000503, -0.808619
10.520043, 0.000479, -0.818764
10.528044, 0.000431, -0.828659
10.536044, 0.000407, -0.838301
10.544044, 0.000407, -0.847688
10.552045, 0.000383, -0.856817
10.560045, 0.000359, -0.865685
10.568046, 0.000335, -0.874290
10.576046, 0.000335, -0.882628
10.584046, 0.000311, -0.890697
10.592047, 0.000311, -0.898495
10.600047, 0.000287, -0.906019
10.608047, 0.000287, -0.913268
10.616048, 0.000263, -0.920238
10.624048, 0.000263, -0.926928
10.632049, 0.000239, -0.933335
10.640049, 0.000239, -0.939458
10.648049, 0.000239, -0.945295
10.656050, 0.000215, -0.950844
10.664050, 0.000215, -0.956104
10.672050, 0.000215, -0.961072
10.680051, 0.000215, -0.965748
10.688051, 0.000191, -0.970129
10.696052, 0.000191, -0.974215
10.704052, 0.000191, -0.978004
10.712052, 0.000191, -0.981495
10.720053, 0.000191, -0.984688
10.728053, 0.000167, -0.987580
10.736053, 0.000167, -0.990172
10.744054, 0.000167, -0.992462
10.752054, 0.000167, -0.994449
10.760055, 0.000167, -0.996134
10.768055, 0.000167, -0.997515
10.776055, 0.000143, -0.998593
10.784056, 0.000143, -0.999366
10.792056, 0.000143, -0.999835
10.800056, 0.000143, -1.000000
10.808057, 0.000143, -0.999860
10.816057, 0.000143, -0.999415
10.824058, 0.000143, -0.998666
10.832058, 0.000143, -0.997612
10.840058, 0.000119, -0.996255
10.848059, 0.000119, -0.994595
10.856059, 0.000119, -0.992631
10.864059, 0.000119, -0.990365
10.872060, 0.000119, -0.987798
10.880060, 0.000119, -0.984929
10.888061, 0.000119, -0.981761
10.896061, 0.000119, -0.978293
10.904061, 0.000119, -0.974528
10.912062, 0.000119, -0.970465
10.920062, 0.000119, -0.966107
10.928062, 0.000095, -0.961455
10.936063, 0.000095, -0.956510
10.944063, 0.000095, -0.951274
10.952064, 0.000095, -0.945748
10.960064, 0.000095, -0.939934
10.968064, 0.000095, -0.933833
10.976065, 0.000095, -0.927448
10.984065, 0.000095, -0.920781
10.992065, 0.000095, -0.913833
11.000066, 0.000095, -0.906607
11.008066, 0.000095, -0.899104
11.016067, 0.000095, -0.891328
11.024067, 0.000095, -0.883280
11.032067, 0.000095, -0.874964
11.040068, 0.000095, -0.866380
11.048068, 0.000095, -0.857533
11.056068, 0.000095, -0.848425
11.064069, 0.000071, -0.839058
11.072069, 0.000071, -0.829436
11.080070, 0.000071, -0.819561
11.088070, 0.000071, -0.809436
11.096070, 0.000071, -0.799065
11.104071, 0.000071, -0.788450
11.112071, 0.000071, -0.777596
11.120071, 0.000071, -0.766504
11.128072, 0.000071, -0.755179
11.136072, 0.000071, -0.743624
11.144073, 0.000071, -0.731843
11.152073, 0.000071, -0.719838
11.160073, 0.000071, -0.707614
11.168074, 0.000071, -0.695175
11.176074, 0.000071, -0.682524
11.184074, 0.000071, -0.669665
11.192075, 0.000071, -0.656602
11.200075, 0.000071, -0.643339
11.208076, 0.000071, -0.629881
11.216076, 0.000071, -0.616230
11.224076, 0.000071, -0.602392
11.232077, 0.000071, -0.588370
11.240077, 0.000071, -0.574169
11.248077, 0.000071, -0.559793
11.256078, 0.000071, -0.545246
11.264078, 0.000071, -0.530534
11.272079, 0.000071, -0.515660
11.280079, 0.000071, -0.500628
11.288079, 0.000047, -0.485445
11.296080, 0.000047, -0.470113
11.304080, 0.000047, -0.454638
11.312080, 0.000047, -0.439025
11.320081, 0.000047, -0.423278
11.328081, 0.000047, -0.407402
11.336082, 0.000047, -0.391402
11.344082, 0.000047, -0.375283
11.352082, 0.000047, -0.359050
11.360083, 0.000047, -0.342707
11.368083, 0.000047, -0.326260
11.376083, 0.000047, -0.309713
11.384084, 0.000047, -0.293072
11.392084, 0.000047, -0.276342
11.400084, 0.000047, -0.259527
11.408085, 0.000047, -0.242634
11.416085, 0.000047, -0.225667
11.424086, 0.000047, -0.208631
11.432086, 0.000047, -0.191531
11.440086, 0.000047, -0.174373
11.448087, 0.000047, -0.157162
11.456087, 0.000047, -0.139903
11.464087, 0.000047, -0.122601
11.472088, 0.000047, -0.105263
11.480088, 0.000047, -0.087892
11.488089, 0.000047, -0.070494
11.496089, 0.000047, -0.053075
11.504089, 0.000047, -0.035639
11.512090, 0.000047, -0.018193
11.520090, 0.000047, -0.000741
11.528090, 0.000047, 0.016711
11.536091, 0.000047, 0.034158
11.544091, 0.000047, 0.051594
11.552092, 0.000047, 0.069015
11.560092, 0.000047, 0.086415
11.568092, 0.000047, 0.103788
11.576093, 0.000047, 0.121130
11.584093, 0.000047, 0.138435
11.592093, 0.000047, 0.155698
11.600094, 0.000047, 0.172913
11.608094, 0.000047, 0.190076
11.616095, 0.000047, 0.207181
11.624095, 0.000047, 0.224222
11.632095, 0.000047, 0.241196
11.640096, 0.000047, 0.258096
11.648096, 0.000047, 0.274917
11.656096, 0.000047, 0.291654
11.664097, 0.000047, 0.308303
11.672097, 0.000047, 0.324858
11.680098, 0.000047, 0.341314
11.688098, 0.000047, 0.357666
11.696098, 0.000047, 0.373909
11.704099, 0.000047, 0.390038
11.712099, 0.000047, 0.406048
11.720099, 0.000047, 0.421935
11.728100, 0.000047, 0.437693
11.736100, 0.000047, 0.453318
11.744101, 0.000023, 0.468804
11.752101, 0.000023, 0.484148
11.760101, 0.000023, 0.499345
11.768102, 0.000023, 0.514389
11.776102, 0.000023, 0.529277
11.784102, 0.000023, 0.544003
11.792103, 0.000023, 0.558564
11.800103, 0.000023, 0.572954
11.808104, 0.000023, 0.587170
11.816104, 0.000023, 0.601208
11.824104, 0.000023, 0.615062
11.832105, 0.000023, 0.628729
11.840105, 0.000023, 0.642204
11.848105, 0.000023, 0.655483
11.856106, 0.000023, 0.668563
11.864106, 0.000023, 0.681440
11.872107, 0.000023, 0.694109
11.880107, 0.000023, 0.706566
11.888107, 0.000023, 0.718808
11.896108, 0.000023, 0.730831
11.904108, 0.000023, 0.742632
11.912108, 0.000023, 0.754207
11.920109, 0.000023, 0.765551
11.928109, 0.000023, 0.776663
11.936110, 0.000023, 0.787538
11.944110, 0.000023, 0.798173
11.952110, 0.000023, 0.808565
11.960111, 0.000023, 0.818710
11.968111, 0.000023, 0.828607
11.976111, 0.000023, 0.838251
11.984112, 0.000023, 0.847639
11.992112, 0.000023, 0.856770
12.000113, 0.000023, 0.865639
12.008113, 0.000023, 0.874245
12.016113, 0.000023, 0.882584
12.024114, 0.000023, 0.890655
12.032114, 0.000023, 0.898454
12.040114, 0.000023, 0.905980
12.048115, 0.000023, 0.913230
12.056115, 0.000023, 0.920201
12.064116, 0.000023, 0.926893
12.072116, 0.000023, 0.933302
12.080116, 0.000023, 0.939426
12.088117, 0.000023, 0.945265
12.096117, 0.000023, 0.950816
12.104117, 0.000023, 0.956077
12.112118, 0.000023, 0.961047
12.120118, 0.000023, 0.965724
12.128119, 0.000023, 0.970107
12.136119, 0.000023, 0.974194
12.144119, 0.000023, 0.977985
12.152120, 0.000023, 0.981478
12.160120, 0.000023, 0.984672
12.168120, 0.000023, 0.987566
12.176121, 0.000023, 0.990159
12.184121, 0.000023, 0.992450
12.192122, 0.000023, 0.994440
12.200122, 0.000023, 0.996126
12.208122, 0.000023, 0.997509
12.216123, 0.000023, 0.998588
12.224123, 0.000023, 0.999363
12.232123, 0.000023, 0.999834
12.240124, 0.000023, 1.000000
12.248124, 0.000023, 0.999861
12.256124, 0.000023, 0.999418
12.264125, 0.000023, 0.998671
12.272125, 0.000023, 0.997619
12.280126, 0.000023, 0.996263
12.288126, 0.000023, 0.994604
12.296126, 0.000023, 0.992642
12.304127, 0.000023, 0.990378
12.312127, 0.000023, 0.987812
12.320127, 0.000023, 0.984945
12.328128, 0.000023, 0.981778
12.336128, 0.000023, 0.978312
12.344129, 0.000023, 0.974548
12.352129, 0.000023, 0.970488
12.360129, 0.000023, 0.966131
12.368130, 0.000023, 0.961481
12.376130, 0.000023, 0.956537
12.384130, 0.000023, 0.951302
12.392131, 0.000023, 0.945778
12.400131, 0.000023, 0.939965
12.408132, 0.000023, 0.933866
12.416132, 0.000023, 0.927483
12.424132, 0.000023, 0.920817
12.432133, 0.000023, 0.913871
12.440133, 0.000023, 0.906646
12.448133, 0.000023, 0.899145
12.456134, 0.000023, 0.891370
12.464134, 0.000023, 0.883324
12.472135, 0.000023, 0.875008
12.480135, 0.000023, 0.866427
12.488135, 0.000023, 0.857581
12.496136, 0.000023, 0.848474
12.504136, 0.000023, 0.839108
12.512136, 0.000023, 0.829488
12.520137, 0.000023, 0.819614
12.528137, 0.000023, 0.809491
12.536138, 0.000023, 0.799121
12.544138, 0.000023, 0.788507
12.552138, 0.000023, 0.777654
12.560139, 0.000023, 0.766564
12.568139, 0.000023, 0.755240
12.576139, 0.000023, 0.743686
12.584140, 0.000023, 0.731906
12.592140, 0.000023, 0.719902
12.600141, 0.000023, 0.707680
12.608141, 0.000023, 0.695242
12.616141, 0.000023, 0.682592
12.624142, 0.000023, 0.669734
12.632142, 0.000023, 0.656672
12.640142, 0.000023, 0.643410
12.648143, 0.000023, 0.629953
12.656143, 0.000023, 0.616303
12.664144, 0.000023, 0.602466
12.672144, 0.000023, 0.588445
12.680144, 0.000023, 0.574245
12.688145, 0.000023, 0.559870
12.696145, 0.000023, 0.545324
12.704145, 0.000023, 0.530612
12.712146, 0.000023, 0.515739
12.720146, 0.000023, 0.500709
12.728147, 0.000023, 0.485526
12.736147, 0.000023, 0.470195
12.744147, 0.000023, 0.454721
12.752148, 0.000023, 0.439108
12.760148, 0.000023, 0.423362
12.768148, 0.000023, 0.407487
12.776149, 0.000023, 0.391488
12.784149, 0.000023, 0.375369
12.792150, 0.000023, 0.359136
12.800150, 0.000023, 0.342794
12.808150, 0.000023, 0.326347
12.816151, 0.000023, 0.309801
12.824151, 0.000023, 0.293161
12.832151, 0.000023, 0.276431
12.840152, 0.000023, 0.259617
12.848152, 0.000023, 0.242724
12.856153, 0.000023, 0.225757
12.864153, 0.000023, 0.208721
12.872153, 0.000023, 0.191622
12.880154, 0.000023, 0.174464
12.888154, 0.000023, 0.157253
12.896154, 0.000023, 0.139995
12.904155, 0.000023, 0.122693
12.912155, 0.000023, 0.105355
12.920156, 0.000023, 0.087984
12.928156, 0.000023, 0.070586
12.936156, 0.000023, 0.053167
12.944157, 0.000023, 0.035732
12.952157, 0.000023, 0.018286
12.960157, 0.000023, 0.000834
12.968158, 0.000023, -0.016618
12.976158, 0.000023, -0.034065
12.984159, 0.000023, -0.051502
12.992159, 0.000023, -0.068923
13.000159, 0.000023, -0.086322
13.008160, 0.000023, -0.103696
13.016160, 0.000023, -0.121038
13.024160, 0.000023, -0.138343
13.032161, 0.000023, -0.155606
13.040161, 0.000023, -0.172822
13.048162, 0.000023, -0.189985
13.056162, 0.000023, -0.207090
13.064162, 0.000023, -0.224132
13.072163, 0.000023, -0.241106
13.080163, 0.000023, -0.258006
13.088163, 0.000023, -0.274828
13.096164, 0.000000, -0.291566
13.104164, 0.000000, -0.308215
13.112164, 0.000000, -0.324770
13.120165, 0.000000, -0.341227
13.128165, 0.000000, -0.357579
13.136166, 0.000000, -0.373823
13.144166, 0.000000, -0.389953
13.152166, 0.000000, -0.405963
13.160167, 0.000000, -0.421851
13.168167, 0.000000, -0.437609
13.176167, 0.000000, -0.453235
13.184168, 0.000000, -0.468722
13.192168, 0.000000, -0.484067
13.200169, 0.000000, -0.499264
13.208169, 0.000000, -0.514309
13.216169, 0.000000, -0.529198
13.224170, 0.000000, -0.543925
13.232170, 0.000000, -0.558487
13.240170, 0.000000, -0.572878
13.248171, 0.000000, -0.587095
13.256171, 0.000000, -0.601134
13.264172, 0.000000, -0.614989
13.272172, 0.000000, -0.628657
13.280172, 0.000000, -0.642133
13.288173, 0.000000, -0.655414
13.296173, 0.000000, -0.668495
13.304173, 0.000000, -0.681372
13.312174, 0.000000, -0.694042
13.320174, 0.000000, -0.706500
13.328175, 0.000000, -0.718744
13.336175, 0.000000, -0.730768
13.344175, 0.000000, -0.742570
13.352176, 0.000000, -0.754146
13.360176, 0.000000, -0.765492
13.368176, 0.000000, -0.776604
13.376177, 0.000000, -0.787481
13.384177, 0.000000, -0.798117
13.392178, 0.000000, -0.808510
13.400178, 0.000000, -0.818657
13.408178, 0.000000, -0.828555
13.416179, 0.000000, -0.838200
13.424179, 0.000000, -0.847590
13.432179, 0.000000, -0.856722
13.440180, 0.000000, -0.865593
13.448180, 0.000000, -0.874200
13.456181, 0.000000, -0.882541
13.464181, 0.000000, -0.890613
13.472181, 0.000000, -0.898414
13.480182, 0.000000, -0.905941
13.488182, 0.000000, -0.913192
13.496182, 0.000000, -0.920165
13.504183, 0.000000, -0.926858
13.512183, 0.000000, -0.933268
13.520184, 0.000000, -0.939395
13.528184, 0.000000, -0.945235
13.536184, 0.000000, -0.950787
13.544185, 0.000000, -0.956050
13.552185, 0.000000, -0.961021
13.560185, 0.000000, -0.965700
13.568186, 0.000000, -0.970084
13.576186, 0.000000, -0.974173
13.584187, 0.000000, -0.977966
13.592187, 0.000000, -0.981460
13.600187, 0.000000, -0.984655
13.608188, 0.000000, -0.987551
13.616188, 0.000000, -0.990146
13.624188, 0.000000, -0.992439
13.632189, 0.000000, -0.994430
13.640189, 0.000000, -0.996118
13.648190, 0.000000, -0.997502
13.656190, 0.000000, -0.998583
13.664190, 0.000000, -0.999360
13.672191, 0.000000, -0.999832
13.680191, 0.000000, -1.000000
13.688191, 0.000000, -0.999863
13.696192, 0.000000, -0.999421
13.704192, 0.000000, -0.998675
13.712193, 0.000000, -0.997625
13.720193, 0.000000, -0.996271
13.728193, 0.000000, -0.994614
13.736194, 0.000000, -0.992653
13.744194, 0.000000, -0.990391
13.752194, 0.000000, -0.987826
13.760195, 0.000000, -0.984961
13.768195, 0.000000, -0.981796
13.776196, 0.000000, -0.978332
13.784196, 0.000000, -0.974569
13.792196, 0.000000, -0.970510
13.800197, 0.000000, -0.966155
13.808197, 0.000000, -0.961506
13.816197, 0.000000, -0.956564
13.824198, 0.000000, -0.951331
13.832198, 0.000000, -0.945808
13.840199, 0.000000, -0.939997
13.848199, 0.000000, -0.933899
13.856199, 0.000000, -0.927517
13.864200, 0.000000, -0.920853
13.872200, 0.000000, -0.913908
13.880200, 0.000000, -0.906685
13.888201, 0.000000, -0.899185
13.896201, 0.000000, -0.891412
13.904202, 0.000000, -0.883367
13.912202, 0.000000, -0.875053
13.920202, 0.000000, -0.866473
13.928203, 0.000000, -0.857629
13.936203, 0.000000, -0.848523
13.944203, 0.000000, -0.839159
13.952204, 0.000000, -0.829539
13.960204, 0.000000, -0.819667
13.968204, 0.000000, -0.809545
13.976205, 0.000000, -0.799176
13.984205, 0.000000, -0.788564
13.992206, 0.000000, -0.777712
14.000206, 0.000000, -0.766623
14.008206, 0.000000, -0.755301
14.016207, 0.000000, -0.743748
14.024207, 0.000000, -0.731969
14.032207, 0.000000, -0.719967
14.040208, 0.000000, -0.707745
14.048208, 0.000000, -0.695308
14.056209, 0.000000, -0.682660
14.064209, 0.000000, -0.669803
14.072209, 0.000000, -0.656742
14.080210, 0.000000, -0.643481
14.088210, 0.000000, -0.630025
14.096210, 0.000000, -0.616376
14.104211, 0.000000, -0.602540
14.112211, 0.000000, -0.588520
14.120212, 0.000000, -0.574320
14.128212, 0.000000, -0.559946
14.136212, 0.000000, -0.545402
14.144213, 0.00